Algorithm,Cores,time
gauss.py,1,2.1788458740338683
gauss.py,1,2.093298787251115
gauss.py,1,2.305774404667318
gauss.py,1,2.074341378174722
gauss.py,1,2.184592834673822
gauss.py,1,2.018105734139681
gauss.py,1,2.095967818982899
gauss.py,1,2.13896590936929
gauss.py,1,2.005141979083419
gauss.py,1,1.9987641414627433
gauss.py,1,2.067639953456819
gauss.py,1,2.0042622480541468
gauss.py,1,2.0170769272372127
gauss.py,1,2.2990168295800686
gauss.py,1,2.105015001259744
gauss.py,1,2.1523838751018047
gauss.py,1,2.072935050353408
gauss.py,1,1.9963049059733748
gauss.py,1,2.147834999486804
gauss.py,1,2.0487767504528165
gauss.py,1,2.0413423385471106
gauss.py,1,1.9842894515022635
gauss.py,1,1.9595570284873247
gauss.py,1,2.0970274033024907
gauss.py,1,2.1801456985995173
gauss.py,1,1.9840393597260118
gauss.py,1,2.1346547286957502
gauss.py,1,2.2050880528986454
gauss.py,1,2.021398133598268
gauss.py,1,2.143006231635809
gauss.py,1,2.1748221926391125
gauss.py,1,2.020664348267019
gauss.py,1,2.0283089820295572
gauss.py,1,2.185482684522867
gauss.py,1,2.253944340161979
gauss.py,1,2.0364846736192703
gauss.py,1,2.1640739804133773
gauss.py,1,2.098845027387142
gauss.py,1,2.0015329364687204
gauss.py,1,2.098699251189828
gauss.py,2,1.395418681204319
gauss.py,2,1.6105551924556494
gauss.py,2,1.4024154506623745
gauss.py,2,1.5716187367215753
gauss.py,2,1.4113771142438054
gauss.py,2,1.5755794206634164
gauss.py,2,1.4618181753903627
gauss.py,2,1.4278572387993336
gauss.py,2,1.4475312698632479
gauss.py,2,1.5552943972870708
gauss.py,2,1.4667216772213578
gauss.py,2,1.5225720535963774
gauss.py,2,1.3771016662940383
gauss.py,2,1.355028542689979
gauss.py,2,1.4244097946211696
gauss.py,2,1.399411028251052
gauss.py,2,1.3981909565627575
gauss.py,2,1.3736377507448196
gauss.py,2,1.6088936822488904
gauss.py,2,1.4669839413836598
gauss.py,2,1.5964753786101937
gauss.py,2,1.37508247140795
gauss.py,2,1.5225168513134122
gauss.py,2,1.3517241384834051
gauss.py,2,1.6459599947556853
gauss.py,2,1.4708082545548677
gauss.py,2,1.4805497443303466
gauss.py,2,1.3875309592112899
gauss.py,2,1.6137425797060132
gauss.py,2,1.4926731577143073
gauss.py,2,1.4271832164376974
gauss.py,2,1.440633392892778
gauss.py,2,1.6183051401749253
gauss.py,2,1.4463252816349268
gauss.py,2,1.4628329453989863
gauss.py,2,1.4521190850064158
gauss.py,2,1.4668983668088913
gauss.py,2,1.3437189981341362
gauss.py,2,1.4102285197004676
gauss.py,2,1.3881026972085238
gauss.py,3,1.2272400744259357
gauss.py,3,1.1704269740730524
gauss.py,3,1.2878648480400443
gauss.py,3,1.3445119364187121
gauss.py,3,1.2646978022530675
gauss.py,3,1.1600673394277692
gauss.py,3,1.2509235367178917
gauss.py,3,1.3469612412154675
gauss.py,3,1.1925471173599362
gauss.py,3,1.3822775362059474
gauss.py,3,1.0964691638946533
gauss.py,3,1.3417623033747077
gauss.py,3,1.3676211666315794
gauss.py,3,1.1317706694826484
gauss.py,3,1.2139642452821136
gauss.py,3,1.245256518945098
gauss.py,3,1.2640324719250202
gauss.py,3,1.0827048253268003
gauss.py,3,1.0839362014085054
gauss.py,3,1.1800342770293355
gauss.py,3,1.3566176239401102
gauss.py,3,1.2079650405794382
gauss.py,3,1.2506144447252154
gauss.py,3,1.187726717442274
gauss.py,3,1.079995097592473
gauss.py,3,1.1799340154975653
gauss.py,3,1.093378223478794
gauss.py,3,1.0373702691867948
gauss.py,3,1.1760068451985717
gauss.py,3,1.1370074190199375
gauss.py,3,1.2159122293815017
gauss.py,3,1.144837200641632
gauss.py,3,1.224531446583569
gauss.py,3,1.1482149809598923
gauss.py,3,1.2796593066304922
gauss.py,3,1.3167997552081943
gauss.py,3,1.261361587792635
gauss.py,3,1.2522737178951502
gauss.py,3,1.1676905741915107
gauss.py,3,1.1166328070685267
gauss.py,4,1.1187474699690938
gauss.py,4,1.0174723593518138
gauss.py,4,0.9748063804581761
gauss.py,4,1.0928353173658252
gauss.py,4,1.054000117816031
gauss.py,4,0.9845943190157413
gauss.py,4,0.9757225280627608
gauss.py,4,1.087250392884016
gauss.py,4,1.010483087040484
gauss.py,4,1.0720957107841969
gauss.py,4,1.1916606575250626
gauss.py,4,1.1047741500660777
gauss.py,4,1.1343821221962571
gauss.py,4,1.1615939028561115
gauss.py,4,1.1230732267722487
gauss.py,4,1.0269056260585785
gauss.py,4,0.9994425037875772
gauss.py,4,1.0401013921946287
gauss.py,4,1.1178136207163334
gauss.py,4,1.0891569964587688
gauss.py,4,1.124395095743239
gauss.py,4,1.0151743106544018
gauss.py,4,1.159469559788704
gauss.py,4,0.9971054866909981
gauss.py,4,0.9408063450828195
gauss.py,4,1.0603229962289333
gauss.py,4,1.0646386360749602
gauss.py,4,1.0299777975305915
gauss.py,4,1.0928926458582282
gauss.py,4,0.9961935039609671
gauss.py,4,0.9584355223923922
gauss.py,4,1.0231469497084618
gauss.py,4,0.9965951144695282
gauss.py,4,1.0224722372367978
gauss.py,4,1.1323521947488189
gauss.py,4,1.142308552749455
gauss.py,4,1.0731268795207143
gauss.py,4,1.1526318360120058
gauss.py,4,1.0438069207593799
gauss.py,4,1.0818827180191875
gauss.py,5,1.0776825733482838
gauss.py,5,1.0642166873440146
gauss.py,5,1.0124453380703926
gauss.py,5,1.0055575538426638
gauss.py,5,1.0440619681030512
gauss.py,5,1.0588951101526618
gauss.py,5,0.950334963388741
gauss.py,5,1.056071444414556
gauss.py,5,1.0811828626319766
gauss.py,5,1.009074036963284
gauss.py,5,0.9584811627864838
gauss.py,5,1.0081723174080253
gauss.py,5,0.9310532668605447
gauss.py,5,0.9506910620257258
gauss.py,5,1.0364636210724711
gauss.py,5,0.9875774644315243
gauss.py,5,0.9956927578896284
gauss.py,5,0.9705627392977476
gauss.py,5,1.046203293837607
gauss.py,5,1.0373145546764135
gauss.py,5,0.9956274377182126
gauss.py,5,1.0134949088096619
gauss.py,5,1.0447505936026573
gauss.py,5,1.0386010250076652
gauss.py,5,0.9943298976868391
gauss.py,5,1.040893418714404
gauss.py,5,0.9381989473477006
gauss.py,5,1.012207830324769
gauss.py,5,1.0391701105982065
gauss.py,5,1.0452796863391995
gauss.py,5,1.0700242407619953
gauss.py,5,1.0940348822623491
gauss.py,5,0.9939043577760458
gauss.py,5,1.0142265651375055
gauss.py,5,1.1104296781122684
gauss.py,5,1.0649141678586602
gauss.py,5,1.0135200964286923
gauss.py,5,0.9296965897083282
gauss.py,5,1.0042060362175107
gauss.py,5,0.974430114030838
gauss.py,6,0.9460043087601662
gauss.py,6,0.9362746924161911
gauss.py,6,0.9674712913110852
gauss.py,6,0.9576021246612072
gauss.py,6,0.9422316830605268
gauss.py,6,0.9715237962082028
gauss.py,6,1.00239974912256
gauss.py,6,1.0082989120855927
gauss.py,6,0.9869202449917793
gauss.py,6,1.0185512322932482
gauss.py,6,0.911244903691113
gauss.py,6,0.9945381944999099
gauss.py,6,0.9997578067705035
gauss.py,6,1.0310246320441365
gauss.py,6,0.9368444886058569
gauss.py,6,0.9624935369938612
gauss.py,6,1.0153459860011935
gauss.py,6,1.019716965034604
gauss.py,6,0.8900738311931491
gauss.py,6,0.9965252196416259
gauss.py,6,1.0201611509546638
gauss.py,6,0.9136917656287551
gauss.py,6,0.9798434246331453
gauss.py,6,1.0727253016084433
gauss.py,6,0.9567645015195012
gauss.py,6,1.0347961774095893
gauss.py,6,0.9888684498146176
gauss.py,6,1.0243081245571375
gauss.py,6,1.014829883351922
gauss.py,6,0.9236035048961639
gauss.py,6,0.9759759306907654
gauss.py,6,0.9521911703050137
gauss.py,6,1.0658542541787028
gauss.py,6,1.004264079965651
gauss.py,6,0.9045660309493542
gauss.py,6,0.9971190821379423
gauss.py,6,1.0098883835598826
gauss.py,6,0.9884146731346846
gauss.py,6,1.0386651335284114
gauss.py,6,0.9654333190992475
gauss.py,7,0.9495011353865266
gauss.py,7,0.9861058071255684
gauss.py,7,0.8980973428115249
gauss.py,7,0.9283828577026725
gauss.py,7,0.9567371280863881
gauss.py,7,0.9188924403861165
gauss.py,7,0.9524538675323129
gauss.py,7,0.9464360550045967
gauss.py,7,0.9769857078790665
gauss.py,7,0.8849709015339613
gauss.py,7,0.9313515443354845
gauss.py,7,0.9321191497147083
gauss.py,7,0.9100961303338408
gauss.py,7,0.9185372032225132
gauss.py,7,0.9419765397906303
gauss.py,7,0.9578331634402275
gauss.py,7,0.9386182306334376
gauss.py,7,0.9276269283145666
gauss.py,7,0.9004314476624131
gauss.py,7,0.9856849992647767
gauss.py,7,0.9553845450282097
gauss.py,7,0.879103260114789
gauss.py,7,0.8972454778850079
gauss.py,7,0.9054427780210972
gauss.py,7,0.9658807022497058
gauss.py,7,0.9999602986499667
gauss.py,7,1.0106411734595895
gauss.py,7,0.9625676991418004
gauss.py,7,0.9109193971380591
gauss.py,7,1.0331744756549597
gauss.py,7,0.9570297067984939
gauss.py,7,0.9437213018536568
gauss.py,7,0.996741408482194
gauss.py,7,0.9642948685213923
gauss.py,7,0.9311556816101074
gauss.py,7,1.0168183632194996
gauss.py,7,1.0002079028636217
gauss.py,7,0.9089652113616467
gauss.py,7,0.9387869434431195
gauss.py,7,1.0920476177707314
gauss.py,8,0.9509579008445144
gauss.py,8,0.9107419764623046
gauss.py,8,0.9932890282943845
gauss.py,8,0.9182134578004479
gauss.py,8,0.9452818734571338
gauss.py,8,0.9387151757255197
gauss.py,8,0.9080931525677443
gauss.py,8,0.9224181110039353
gauss.py,8,0.8691466161981225
gauss.py,8,0.868319921195507
gauss.py,8,0.8955961158499122
gauss.py,8,0.9504930507391691
gauss.py,8,0.9099133275449276
gauss.py,8,0.9553044065833092
gauss.py,8,0.9676745431497693
gauss.py,8,0.9854201599955559
gauss.py,8,0.9469451131299138
gauss.py,8,0.9042903110384941
gauss.py,8,0.8818372692912817
gauss.py,8,0.876522378064692
gauss.py,8,0.8454228974878788
gauss.py,8,0.9450981039553881
gauss.py,8,0.8159746183082461
gauss.py,8,0.9093105066567659
gauss.py,8,0.9437142061069608
gauss.py,8,0.8576007504016161
gauss.py,8,0.9034043774008751
gauss.py,8,0.9411717541515827
gauss.py,8,0.9333724975585938
gauss.py,8,0.8680902747437358
gauss.py,8,0.9102799668908119
gauss.py,8,0.8951167864724994
gauss.py,8,0.915820718742907
gauss.py,8,0.9228798411786556
gauss.py,8,0.8948556082323194
gauss.py,8,0.8785632802173495
gauss.py,8,0.8177632819861174
gauss.py,8,0.9261739253997803
gauss.py,8,0.9515105215832591
gauss.py,8,0.9347794689238071
gauss.py,9,0.972465424798429
gauss.py,9,0.872777252458036
gauss.py,9,0.8818219313398004
gauss.py,9,0.8959024008363485
gauss.py,9,0.8985733315348625
gauss.py,9,0.9448961550369859
gauss.py,9,0.8856541998684406
gauss.py,9,0.8713383302092552
gauss.py,9,0.9419654468074441
gauss.py,9,0.9135547811165452
gauss.py,9,0.9051234964281321
gauss.py,9,0.9704341646283865
gauss.py,9,0.945180538110435
gauss.py,9,0.906398163177073
gauss.py,9,0.9558010883629322
gauss.py,9,0.9019784834235907
gauss.py,9,0.8746790653094649
gauss.py,9,0.8798285461962223
gauss.py,9,0.9317716723307967
gauss.py,9,0.8748962692916393
gauss.py,9,0.8719557225704193
gauss.py,9,0.9223539177328348
gauss.py,9,0.8676348766312003
gauss.py,9,0.8986028414219618
gauss.py,9,0.962947791442275
gauss.py,9,0.9018387421965599
gauss.py,9,0.8892224179580808
gauss.py,9,0.9873048085719347
gauss.py,9,0.9319140901789069
gauss.py,9,0.939381348900497
gauss.py,9,0.8513088524341583
gauss.py,9,0.946167423389852
gauss.py,9,0.9256650693714619
gauss.py,9,0.8954569427296519
gauss.py,9,0.9099837662652135
gauss.py,9,0.9072451274842024
gauss.py,9,0.8182919304817915
gauss.py,9,0.9880104530602694
gauss.py,9,0.9352726945653558
gauss.py,9,0.9629642432555556
rectangular.py,1,1.2437996240332723
rectangular.py,1,1.3577857939526439
rectangular.py,1,1.1339865485206246
rectangular.py,1,1.3133685616776347
rectangular.py,1,1.3186883255839348
rectangular.py,1,1.2128416756168008
rectangular.py,1,1.3115333328023553
rectangular.py,1,1.1438435660675168
rectangular.py,1,1.376891689375043
rectangular.py,1,1.2216888815164566
rectangular.py,1,1.1523129269480705
rectangular.py,1,1.337862340733409
rectangular.py,1,1.1239448925480247
rectangular.py,1,1.3209723196923733
rectangular.py,1,1.104305725544691
rectangular.py,1,1.4099215753376484
rectangular.py,1,1.380490019917488
rectangular.py,1,1.4547856142744422
rectangular.py,1,1.3467826135456562
rectangular.py,1,1.255042522214353
rectangular.py,1,1.189261277206242
rectangular.py,1,1.222448660992086
rectangular.py,1,1.1738161956891418
rectangular.py,1,1.2522281408309937
rectangular.py,1,1.1048791175708175
rectangular.py,1,1.3804179253056645
rectangular.py,1,1.3735387017950416
rectangular.py,1,1.2044191882014275
rectangular.py,1,1.157384891062975
rectangular.py,1,1.45494762994349
rectangular.py,1,1.1238699313253164
rectangular.py,1,1.2260845033451915
rectangular.py,1,1.2093297317624092
rectangular.py,1,1.3653945159167051
rectangular.py,1,1.1945193521678448
rectangular.py,1,1.2036104463040829
rectangular.py,1,1.2578428070992231
rectangular.py,1,1.425770272500813
rectangular.py,1,1.197951840236783
rectangular.py,1,1.14806457888335
rectangular.py,2,1.0535792568698525
rectangular.py,2,0.9231208600103855
rectangular.py,2,1.0211566435173154
rectangular.py,2,0.9320581471547484
rectangular.py,2,1.061119344085455
rectangular.py,2,0.9558377573266625
rectangular.py,2,0.9701965926215053
rectangular.py,2,0.934266404248774
rectangular.py,2,0.9707774566486478
rectangular.py,2,0.9187659649178386
rectangular.py,2,1.043735415674746
rectangular.py,2,0.9639426656067371
rectangular.py,2,1.0098817273974419
rectangular.py,2,0.917310100980103
rectangular.py,2,1.0487024830654263
rectangular.py,2,1.0476201502606273
rectangular.py,2,1.0424473462626338
rectangular.py,2,0.9718145113438368
rectangular.py,2,1.0217211954295635
rectangular.py,2,1.05264060664922
rectangular.py,2,1.0155469346791506
rectangular.py,2,1.0038927625864744
rectangular.py,2,0.9284759992733598
rectangular.py,2,0.9125249851495028
rectangular.py,2,1.0643977094441652
rectangular.py,2,0.9846768695861101
rectangular.py,2,1.1559734484180808
rectangular.py,2,0.9911712361499667
rectangular.py,2,1.024751540273428
rectangular.py,2,0.9902273118495941
rectangular.py,2,0.9666913524270058
rectangular.py,2,0.9869840303435922
rectangular.py,2,0.9566345121711493
rectangular.py,2,1.0697581535205245
rectangular.py,2,0.9853530824184418
rectangular.py,2,0.9597946116700768
rectangular.py,2,1.0912908343598247
rectangular.py,2,0.962465537711978
rectangular.py,2,1.0780720338225365
rectangular.py,2,1.0001162299886346
rectangular.py,3,0.9029627442359924
rectangular.py,3,0.9354095589369535
rectangular.py,3,0.9122017007321119
rectangular.py,3,0.9656153423711658
rectangular.py,3,0.9030893426388502
rectangular.py,3,0.8752049459144473
rectangular.py,3,0.8644625302404165
rectangular.py,3,0.9209944196045399
rectangular.py,3,0.9096776349470019
rectangular.py,3,0.9241376658901572
rectangular.py,3,0.8612915901467204
rectangular.py,3,0.8974953182041645
rectangular.py,3,0.8565360317006707
rectangular.py,3,0.8892765901982784
rectangular.py,3,0.8958743596449494
rectangular.py,3,0.9038102012127638
rectangular.py,3,0.8646108219400048
rectangular.py,3,0.9016486145555973
rectangular.py,3,0.9097710093483329
rectangular.py,3,0.8524881405755877
rectangular.py,3,0.8958367789164186
rectangular.py,3,0.9041377771645784
rectangular.py,3,0.9358805790543556
rectangular.py,3,0.865007571876049
rectangular.py,3,0.9071814119815826
rectangular.py,3,0.9432522477582097
rectangular.py,3,0.9000095752999187
rectangular.py,3,0.9066538847982883
rectangular.py,3,0.8733597323298454
rectangular.py,3,0.8966590603813529
rectangular.py,3,0.8890276337042451
rectangular.py,3,0.8592686709016562
rectangular.py,3,0.8676825817674398
rectangular.py,3,0.8969948021695018
rectangular.py,3,0.8906234847381711
rectangular.py,3,0.8921322645619512
rectangular.py,3,0.9504415458068252
rectangular.py,3,0.8961988100782037
rectangular.py,3,0.9144896427169442
rectangular.py,3,0.8511433769017458
rectangular.py,4,0.8324439553543925
rectangular.py,4,0.8609238639473915
rectangular.py,4,0.8957749363034964
rectangular.py,4,0.8507550833746791
rectangular.py,4,0.864770614542067
rectangular.py,4,0.8175930604338646
rectangular.py,4,0.8129328461363912
rectangular.py,4,0.823748623020947
rectangular.py,4,0.8658054601401091
rectangular.py,4,0.850155184045434
rectangular.py,4,0.8427055682986975
rectangular.py,4,0.8378766300156713
rectangular.py,4,0.8440451864153147
rectangular.py,4,0.8485559802502394
rectangular.py,4,0.8242619773373008
rectangular.py,4,0.8488415414467454
rectangular.py,4,0.8498227279633284
rectangular.py,4,0.778600743971765
rectangular.py,4,0.8765252139419317
rectangular.py,4,0.8251161826774478
rectangular.py,4,0.8538627335801721
rectangular.py,4,0.8365214178338647
rectangular.py,4,0.8474612981081009
rectangular.py,4,0.8642784170806408
rectangular.py,4,0.835740664973855
rectangular.py,4,0.8052903162315488
rectangular.py,4,0.8495980901643634
rectangular.py,4,0.836036560125649
rectangular.py,4,0.8745296718552709
rectangular.py,4,0.814727327786386
rectangular.py,4,0.829455466940999
rectangular.py,4,0.8715309891849756
rectangular.py,4,0.8538168165832758
rectangular.py,4,0.819481747224927
rectangular.py,4,0.8055513007566333
rectangular.py,4,0.8351851915940642
rectangular.py,4,0.8497036285698414
rectangular.py,4,0.8306295210495591
rectangular.py,4,0.8327598003670573
rectangular.py,4,0.8880645092576742
rectangular.py,5,0.8180196480825543
rectangular.py,5,0.7838476207107306
rectangular.py,5,0.7903309473767877
rectangular.py,5,0.7959907315671444
rectangular.py,5,0.8229171484708786
rectangular.py,5,0.8014287482947111
rectangular.py,5,0.8003039294853806
rectangular.py,5,0.835664875805378
rectangular.py,5,0.8109904769808054
rectangular.py,5,0.8147815186530352
rectangular.py,5,0.8217495158314705
rectangular.py,5,0.7982656704261899
rectangular.py,5,0.8118276633322239
rectangular.py,5,0.7919304380193353
rectangular.py,5,0.7568163136020303
rectangular.py,5,0.8187025338411331
rectangular.py,5,0.8028229605406523
rectangular.py,5,0.8346771206706762
rectangular.py,5,0.7901086146011949
rectangular.py,5,0.8295182706788182
rectangular.py,5,0.8064785730093718
rectangular.py,5,0.7471507815644145
rectangular.py,5,0.8451538337394595
rectangular.py,5,0.7828832976520061
rectangular.py,5,0.810883654281497
rectangular.py,5,0.7825779085978866
rectangular.py,5,0.7746390104293823
rectangular.py,5,0.8188573308289051
rectangular.py,5,0.7730472153052688
rectangular.py,5,0.829101555980742
rectangular.py,5,0.8172844778746367
rectangular.py,5,0.8031332902610302
rectangular.py,5,0.810184620320797
rectangular.py,5,0.808571107685566
rectangular.py,5,0.8125965157523751
rectangular.py,5,0.7522600218653679
rectangular.py,5,0.7788895675912499
rectangular.py,5,0.8206978654488921
rectangular.py,5,0.8196247713640332
rectangular.py,5,0.8339885724708438
rectangular.py,6,0.8259440679103136
rectangular.py,6,0.7820531902834773
rectangular.py,6,0.8207560889422894
rectangular.py,6,0.7309965649619699
rectangular.py,6,0.7924474002793431
rectangular.py,6,0.7333161504939198
rectangular.py,6,0.7845858680084348
rectangular.py,6,0.7887678761035204
rectangular.py,6,0.7700693812221289
rectangular.py,6,0.8652666946873069
rectangular.py,6,0.7713454980403185
rectangular.py,6,0.8487162031233311
rectangular.py,6,0.7880580509081483
rectangular.py,6,0.7680864157155156
rectangular.py,6,0.8187434980645776
rectangular.py,6,0.806390861980617
rectangular.py,6,0.8172806724905968
rectangular.py,6,0.8147542616352439
rectangular.py,6,0.8223688611760736
rectangular.py,6,0.8427404640242457
rectangular.py,6,0.8168797120451927
rectangular.py,6,0.7412474611774087
rectangular.py,6,0.8007477857172489
rectangular.py,6,0.7610976174473763
rectangular.py,6,0.8044240362942219
rectangular.py,6,0.7674359176307917
rectangular.py,6,0.8033763822168112
rectangular.py,6,0.8141276482492685
rectangular.py,6,0.8254229538142681
rectangular.py,6,0.806508332490921
rectangular.py,6,0.7804852398112416
rectangular.py,6,0.7823227662593126
rectangular.py,6,0.7999203857034445
rectangular.py,6,0.7987732486799359
rectangular.py,6,0.7718308120965958
rectangular.py,6,0.788769444450736
rectangular.py,6,0.7790813287720084
rectangular.py,6,0.8663217397406697
rectangular.py,6,0.8108459720388055
rectangular.py,6,0.7993248887360096
rectangular.py,7,0.7395597407594323
rectangular.py,7,0.8086938988417387
rectangular.py,7,0.7955470494925976
rectangular.py,7,0.7503048405051231
rectangular.py,7,0.7771821292117238
rectangular.py,7,0.7389965243637562
rectangular.py,7,0.7966592479497194
rectangular.py,7,0.8112628851085901
rectangular.py,7,0.7888203300535679
rectangular.py,7,0.7777926838025451
rectangular.py,7,0.7500198408961296
rectangular.py,7,0.7991927852854133
rectangular.py,7,0.7763622598722577
rectangular.py,7,0.7778097372502089
rectangular.py,7,0.7726398827508092
rectangular.py,7,0.7626264290884137
rectangular.py,7,0.7702273512259126
rectangular.py,7,0.7132789231836796
rectangular.py,7,0.7606857884675264
rectangular.py,7,0.7749512773007154
rectangular.py,7,0.7642655493691564
rectangular.py,7,0.7900169985368848
rectangular.py,7,0.7467579254880548
rectangular.py,7,0.8068059757351875
rectangular.py,7,0.776073656976223
rectangular.py,7,0.7936482382938266
rectangular.py,7,0.7782187005504966
rectangular.py,7,0.8236875310540199
rectangular.py,7,0.8001130428165197
rectangular.py,7,0.7827345449477434
rectangular.py,7,0.7296743774786592
rectangular.py,7,0.8103342959657311
rectangular.py,7,0.8173642633482814
rectangular.py,7,0.808841347694397
rectangular.py,7,0.797548864968121
rectangular.py,7,0.8124392479658127
rectangular.py,7,0.7526280209422112
rectangular.py,7,0.7691168766468763
rectangular.py,7,0.786525565199554
rectangular.py,7,0.7882396914064884
rectangular.py,8,0.7639737110584974
rectangular.py,8,0.8169579692184925
rectangular.py,8,0.7871153140440583
rectangular.py,8,0.8223354062065482
rectangular.py,8,0.8235758263617754
rectangular.py,8,0.7735643088817596
rectangular.py,8,0.8133928775787354
rectangular.py,8,0.7730033416301012
rectangular.py,8,0.7408038517460227
rectangular.py,8,0.7571469843387604
rectangular.py,8,0.773073673248291
rectangular.py,8,0.770485021173954
rectangular.py,8,0.7372690243646502
rectangular.py,8,0.7652911078184843
rectangular.py,8,0.7907488644123077
rectangular.py,8,0.7433766704052687
rectangular.py,8,0.7659341152757406
rectangular.py,8,0.7794437073171139
rectangular.py,8,0.8001778516918421
rectangular.py,8,0.8251252211630344
rectangular.py,8,0.7438997570425272
rectangular.py,8,0.7857701331377029
rectangular.py,8,0.7469471422955394
rectangular.py,8,0.7405622852966189
rectangular.py,8,0.8019418427720666
rectangular.py,8,0.7611868400126696
rectangular.py,8,0.7715239310637116
rectangular.py,8,0.7588223489001393
rectangular.py,8,0.8003098461776972
rectangular.py,8,0.7308762241154909
rectangular.py,8,0.7309659291058779
rectangular.py,8,0.786012290045619
rectangular.py,8,0.7663934398442507
rectangular.py,8,0.7750942707061768
rectangular.py,8,0.8079061005264521
rectangular.py,8,0.7249939702451229
rectangular.py,8,0.7433173255994916
rectangular.py,8,0.7780186422169209
rectangular.py,8,0.76495844963938
rectangular.py,8,0.7723120832815766
rectangular.py,9,0.8355703521519899
rectangular.py,9,0.8076858976855874
rectangular.py,9,0.7613475732505322
rectangular.py,9,0.7664137510582805
rectangular.py,9,0.8213619356974959
rectangular.py,9,0.7707668449729681
rectangular.py,9,0.79854706954211
rectangular.py,9,0.7790579358115792
rectangular.py,9,0.7666434664279222
rectangular.py,9,0.8416305901482701
rectangular.py,9,0.8204868715256453
rectangular.py,9,0.8223282266408205
rectangular.py,9,0.7752618547528982
rectangular.py,9,0.792758284136653
rectangular.py,9,0.7805815562605858
rectangular.py,9,0.8237854149192572
rectangular.py,9,0.7428506352007389
rectangular.py,9,0.8261927990242839
rectangular.py,9,0.7491134349256754
rectangular.py,9,0.8405132004991174
rectangular.py,9,0.76593635417521
rectangular.py,9,0.8077004393562675
rectangular.py,9,0.8054300574585795
rectangular.py,9,0.7963418243452907
rectangular.py,9,0.7661169748753309
rectangular.py,9,0.8073203917592764
rectangular.py,9,0.7892099199816585
rectangular.py,9,0.8156533883884549
rectangular.py,9,0.7721071178093553
rectangular.py,9,0.8001013873144984
rectangular.py,9,0.8737097624689341
rectangular.py,9,0.8147263061255217
rectangular.py,9,0.7978920182213187
rectangular.py,9,0.7988191517069936
rectangular.py,9,0.8002091003581882
rectangular.py,9,0.8032637890428305
rectangular.py,9,0.8027823744341731
rectangular.py,9,0.7997747454792261
rectangular.py,9,0.8219094332307577
rectangular.py,9,0.7984324423596263
simpson.py,1,1.8452571108937263
simpson.py,1,2.0208616526797414
simpson.py,1,1.870414630509913
simpson.py,1,2.1236566826701164
simpson.py,1,1.843526091426611
simpson.py,1,1.9572649467736483
simpson.py,1,1.863466470502317
simpson.py,1,2.137281303294003
simpson.py,1,1.9173366986215115
simpson.py,1,2.1663590958341956
simpson.py,1,1.8663802444934845
simpson.py,1,2.0825184220448136
simpson.py,1,1.872850808314979
simpson.py,1,1.750552068464458
simpson.py,1,2.072164813056588
simpson.py,1,1.9747084993869066
simpson.py,1,2.0310152834281325
simpson.py,1,1.861593259498477
simpson.py,1,1.787261956371367
simpson.py,1,1.763992932625115
simpson.py,1,1.8037544218823314
simpson.py,1,2.059878608211875
simpson.py,1,2.0540126441046596
simpson.py,1,2.0039667347446084
simpson.py,1,2.0205178894102573
simpson.py,1,2.0160179072991014
simpson.py,1,1.9778052158653736
simpson.py,1,1.9979396536946297
simpson.py,1,1.719573917798698
simpson.py,1,2.1060668928548694
simpson.py,1,2.1545017696917057
simpson.py,1,1.9901533415541053
simpson.py,1,1.760830407962203
simpson.py,1,2.079810836352408
simpson.py,1,1.781609552912414
simpson.py,1,1.7880371129140258
simpson.py,1,1.7776309605687857
simpson.py,1,1.8684096448123455
simpson.py,1,1.8536122776567936
simpson.py,1,1.7646388951689005
simpson.py,2,1.639177257195115
simpson.py,2,1.2643513269722462
simpson.py,2,1.528574244119227
simpson.py,2,1.2826292123645544
simpson.py,2,1.329442847520113
simpson.py,2,1.5642982432618737
simpson.py,2,1.3281752718612552
simpson.py,2,1.415695445612073
simpson.py,2,1.400409821420908
simpson.py,2,1.5461313175037503
simpson.py,2,1.2171673197299242
simpson.py,2,1.4012715816497803
simpson.py,2,1.5286057936027646
simpson.py,2,1.4380403347313404
simpson.py,2,1.5875723790377378
simpson.py,2,1.302845505066216
simpson.py,2,1.2591196931898594
simpson.py,2,1.4683186039328575
simpson.py,2,1.3433756800368428
simpson.py,2,1.5598115846514702
simpson.py,2,1.275745884515345
simpson.py,2,1.2924515213817358
simpson.py,2,1.4897076692432165
simpson.py,2,1.3642225516960025
simpson.py,2,1.4147251201793551
simpson.py,2,1.3635693388059735
simpson.py,2,1.3662477172911167
simpson.py,2,1.3126726243644953
simpson.py,2,1.3421505708247423
simpson.py,2,1.5314177507534623
simpson.py,2,1.4268579110503197
simpson.py,2,1.6068395851179957
simpson.py,2,1.3790191058069468
simpson.py,2,1.5047051664441824
simpson.py,2,1.4423222783952951
simpson.py,2,1.2677477858960629
simpson.py,2,1.5635314239189029
simpson.py,2,1.3054054025560617
simpson.py,2,1.2488891165703535
simpson.py,2,1.4756587743759155
simpson.py,3,1.1802430115640163
simpson.py,3,1.205791232176125
simpson.py,3,1.1606124378740788
simpson.py,3,1.163682334125042
simpson.py,3,1.2535892017185688
simpson.py,3,1.1764607075601816
simpson.py,3,1.1232492923736572
simpson.py,3,1.1809734487906098
simpson.py,3,1.162245150655508
simpson.py,3,1.1726370267570019
simpson.py,3,1.1355289369821548
simpson.py,3,1.0510947341099381
simpson.py,3,1.153751103207469
simpson.py,3,1.1457741484045982
simpson.py,3,1.1245282152667642
simpson.py,3,1.2000260781496763
simpson.py,3,1.2098704474046826
simpson.py,3,1.1602808497846127
simpson.py,3,1.1352237816900015
simpson.py,3,1.1476764101535082
simpson.py,3,1.1754339141771197
simpson.py,3,1.1379528595134616
simpson.py,3,1.1141451625153422
simpson.py,3,1.167882053181529
simpson.py,3,1.1511765597388148
simpson.py,3,1.1600267952308059
simpson.py,3,1.162139605730772
simpson.py,3,1.1444182489067316
simpson.py,3,1.1794078201055527
simpson.py,3,1.1147179221734405
simpson.py,3,1.1536941910162568
simpson.py,3,1.1325347293168306
simpson.py,3,1.2434287397190928
simpson.py,3,1.170977191068232
simpson.py,3,1.196434617973864
simpson.py,3,1.148748996667564
simpson.py,3,1.1589643601328135
simpson.py,3,1.231549710035324
simpson.py,3,1.17591239977628
simpson.py,3,1.1721950629726052
simpson.py,4,1.0813713250681758
simpson.py,4,1.0725566875189543
simpson.py,4,1.0874806717038155
simpson.py,4,1.1147320894524455
simpson.py,4,1.0551986591890454
simpson.py,4,1.0811704508960247
simpson.py,4,1.0647312002256513
simpson.py,4,1.0719241360202432
simpson.py,4,1.077100584283471
simpson.py,4,1.050701703876257
simpson.py,4,1.0256475806236267
simpson.py,4,1.0693023698404431
simpson.py,4,1.0256683761253953
simpson.py,4,1.0898547265678644
simpson.py,4,1.150755480863154
simpson.py,4,1.085337806493044
simpson.py,4,1.073248052969575
simpson.py,4,1.061290248297155
simpson.py,4,1.1290606800466776
simpson.py,4,1.069263474084437
simpson.py,4,1.0697112390771508
simpson.py,4,1.1290886038914323
simpson.py,4,1.0876074191182852
simpson.py,4,1.107410536147654
simpson.py,4,1.109537179581821
simpson.py,4,1.1076790811493993
simpson.py,4,1.0793111566454172
simpson.py,4,1.0576128903776407
simpson.py,4,1.030553413555026
simpson.py,4,1.0165373124182224
simpson.py,4,1.0731428805738688
simpson.py,4,1.1030888296663761
simpson.py,4,1.0486323330551386
simpson.py,4,1.081994153559208
simpson.py,4,1.0684317536652088
simpson.py,4,1.0652894685044885
simpson.py,4,1.0769086359068751
simpson.py,4,1.0683688456192613
simpson.py,4,1.0678614070639014
simpson.py,4,1.073389451019466
simpson.py,5,1.1205454748123884
simpson.py,5,0.9721106514334679
simpson.py,5,1.026376973837614
simpson.py,5,1.0007197326049209
simpson.py,5,0.9526825146749616
simpson.py,5,0.9202864905819297
simpson.py,5,0.9785834457725286
simpson.py,5,0.9765534931793809
simpson.py,5,1.0109887570142746
simpson.py,5,0.9696423644199967
simpson.py,5,1.049467426724732
simpson.py,5,1.00974958576262
simpson.py,5,1.0247469572350383
simpson.py,5,1.0365511067211628
simpson.py,5,0.9987509250640869
simpson.py,5,0.9834838006645441
simpson.py,5,0.996337091550231
simpson.py,5,0.926397836767137
simpson.py,5,0.991528233513236
simpson.py,5,0.9621208989992738
simpson.py,5,0.9813214633613825
simpson.py,5,0.9633293831720948
simpson.py,5,0.9970823144540191
simpson.py,5,0.9311692733317614
simpson.py,5,1.015637744218111
simpson.py,5,0.9946925155818462
simpson.py,5,1.0186850866302848
simpson.py,5,1.0022134659811854
simpson.py,5,0.9968472886830568
simpson.py,5,0.9984869752079248
simpson.py,5,1.0196104478091002
simpson.py,5,0.9877306846901774
simpson.py,5,1.0020414274185896
simpson.py,5,0.9923883778974414
simpson.py,5,0.9703211979940534
simpson.py,5,0.9328677570447326
simpson.py,5,1.0240152832120657
simpson.py,5,0.9965617880225182
simpson.py,5,1.0013882666826248
simpson.py,5,1.0199476154521108
simpson.py,6,0.9326698733493686
simpson.py,6,0.9252442410215735
simpson.py,6,0.997876257635653
simpson.py,6,0.9037271784618497
simpson.py,6,0.9223953736945987
simpson.py,6,0.952653530985117
simpson.py,6,0.9022981189191341
simpson.py,6,0.881731890141964
simpson.py,6,0.9335723659023643
simpson.py,6,0.9773512585088611
simpson.py,6,0.9622853938490152
simpson.py,6,0.9370719399303198
simpson.py,6,0.9275250723585486
simpson.py,6,0.9052482945844531
simpson.py,6,0.9216187139973044
simpson.py,6,0.9382192110642791
simpson.py,6,0.9225386390462518
simpson.py,6,0.933826963417232
simpson.py,6,0.9307014290243387
simpson.py,6,0.925722504965961
simpson.py,6,0.9648265754804015
simpson.py,6,0.9080845657736063
simpson.py,6,0.9442586926743388
simpson.py,6,0.9729353105649352
simpson.py,6,0.9168389802798629
simpson.py,6,0.8945422135293484
simpson.py,6,0.9573562629520893
simpson.py,6,0.9342809254303575
simpson.py,6,0.9582670200616121
simpson.py,6,0.9852050933986902
simpson.py,6,0.8906830884516239
simpson.py,6,0.8993266075849533
simpson.py,6,0.9671608563512564
simpson.py,6,0.965171605348587
simpson.py,6,0.9564503449946642
simpson.py,6,0.9387969598174095
simpson.py,6,0.9614098807796836
simpson.py,6,0.9939410220831633
simpson.py,6,0.9342391099780798
simpson.py,6,0.940584515221417
simpson.py,7,0.9302126234397292
simpson.py,7,0.9073334094136953
simpson.py,7,0.9400233644992113
simpson.py,7,0.9367424277588725
simpson.py,7,0.8968251831829548
simpson.py,7,0.8720236690714955
simpson.py,7,0.9072763109579682
simpson.py,7,0.8692368734627962
simpson.py,7,0.917406314983964
simpson.py,7,0.8771549547091126
simpson.py,7,0.9689254909753799
simpson.py,7,0.9392239646986127
simpson.py,7,0.9494537226855755
simpson.py,7,0.9535465640947223
simpson.py,7,0.8711123075336218
simpson.py,7,0.9317995375022292
simpson.py,7,0.887618356384337
simpson.py,7,0.9944242481142282
simpson.py,7,0.9422837635502219
simpson.py,7,0.9268741207197309
simpson.py,7,0.8980773845687509
simpson.py,7,0.8754847534000874
simpson.py,7,0.9567525247111917
simpson.py,7,0.9205174138769507
simpson.py,7,0.9074859200045466
simpson.py,7,0.9177662525326014
simpson.py,7,0.9497600272297859
simpson.py,7,0.9351581027731299
simpson.py,7,0.9109262023121119
simpson.py,7,0.8983149863779545
simpson.py,7,0.9150604624301195
simpson.py,7,0.8953986801207066
simpson.py,7,0.9520327439531684
simpson.py,7,0.8848351715132594
simpson.py,7,0.8896365612745285
simpson.py,7,0.9112567994743586
simpson.py,7,0.9547025747597218
simpson.py,7,0.9171664472669363
simpson.py,7,0.9536353591829538
simpson.py,7,0.9458441399037838
simpson.py,8,0.8748327195644379
simpson.py,8,0.9046796727925539
simpson.py,8,0.854302991181612
simpson.py,8,0.9630798771977425
simpson.py,8,0.8903286522254348
simpson.py,8,0.8732300624251366
simpson.py,8,0.878506108187139
simpson.py,8,0.9620302710682154
simpson.py,8,0.9188943868502975
simpson.py,8,0.8929236829280853
simpson.py,8,0.9144776361063123
simpson.py,8,0.8887603972107172
simpson.py,8,0.9413889888674021
simpson.py,8,0.8813602849841118
simpson.py,8,0.8725846959277987
simpson.py,8,0.8953383537009358
simpson.py,8,0.810003399848938
simpson.py,8,0.9141220366582274
simpson.py,8,0.8868764126673341
simpson.py,8,0.8704892238602042
simpson.py,8,0.9126227544620633
simpson.py,8,0.9024253906682134
simpson.py,8,0.8124652337282896
simpson.py,8,0.871526325121522
simpson.py,8,0.9057479435577989
simpson.py,8,0.8749345522373915
simpson.py,8,0.832698768004775
simpson.py,8,0.856149984523654
simpson.py,8,0.8625896284356713
simpson.py,8,0.8456259705126286
simpson.py,8,0.9169656066223979
simpson.py,8,0.8666457468643785
simpson.py,8,0.884449846111238
simpson.py,8,0.8967353729531169
simpson.py,8,0.9668710306286812
simpson.py,8,0.8973549492657185
simpson.py,8,0.8571778228506446
simpson.py,8,0.9107406446710229
simpson.py,8,0.8712161248549819
simpson.py,8,0.8417261652648449
simpson.py,9,0.8739363104104996
simpson.py,9,0.9294870588928461
simpson.py,9,0.9043142329901457
simpson.py,9,0.887750081717968
simpson.py,9,0.8812495162710547
simpson.py,9,0.9033233961090446
simpson.py,9,0.9131503375247121
simpson.py,9,0.9181529469788074
simpson.py,9,0.9130718782544136
simpson.py,9,0.847249892540276
simpson.py,9,0.9294471191242337
simpson.py,9,0.8889994407072663
simpson.py,9,0.886864977888763
simpson.py,9,0.8903342708945274
simpson.py,9,0.9506784742698073
simpson.py,9,0.9361321264877915
simpson.py,9,0.9146465882658958
simpson.py,9,0.8122533792629838
simpson.py,9,0.8818940930068493
simpson.py,9,0.915028041228652
simpson.py,9,0.9242090089246631
simpson.py,9,0.8867140132933855
simpson.py,9,0.9041478717699647
simpson.py,9,0.8593429187312722
simpson.py,9,0.8846254758536816
simpson.py,9,0.8890954684466124
simpson.py,9,0.8580842269584537
simpson.py,9,0.9330862751230597
simpson.py,9,0.9020369565114379
simpson.py,9,0.9341385746374726
simpson.py,9,0.8726354325190187
simpson.py,9,0.8930060900747776
simpson.py,9,0.8993451409041882
simpson.py,9,0.93847397249192
simpson.py,9,0.8947987705469131
simpson.py,9,0.9261324545368552
simpson.py,9,0.8628217587247491
simpson.py,9,0.9027599385008216
simpson.py,9,0.9515922414138913
simpson.py,9,0.8987247077748179
trapesoidal.py,1,1.5261394744738936
trapesoidal.py,1,1.5244841733947396
trapesoidal.py,1,1.3657191591337323
trapesoidal.py,1,1.3835147246718407
trapesoidal.py,1,1.5917778788134456
trapesoidal.py,1,1.397630037739873
trapesoidal.py,1,1.5906629106029868
trapesoidal.py,1,1.7647769320756197
trapesoidal.py,1,1.397164965979755
trapesoidal.py,1,1.65218095947057
trapesoidal.py,1,1.4175637187436223
trapesoidal.py,1,1.3821513950824738
trapesoidal.py,1,1.5337409684434533
trapesoidal.py,1,1.6739147994667292
trapesoidal.py,1,1.3758897203952074
trapesoidal.py,1,1.631356941536069
trapesoidal.py,1,1.4024567818269134
trapesoidal.py,1,1.6161705050617456
trapesoidal.py,1,1.7697020014747977
trapesoidal.py,1,1.4715243987739086
trapesoidal.py,1,1.5503596533089876
trapesoidal.py,1,1.5243513593450189
trapesoidal.py,1,1.6076993197202682
trapesoidal.py,1,1.3825497198849916
trapesoidal.py,1,1.4985595792531967
trapesoidal.py,1,1.4053569873794913
trapesoidal.py,1,1.6016562171280384
trapesoidal.py,1,1.3844667039811611
trapesoidal.py,1,1.6598773784935474
trapesoidal.py,1,1.355811571702361
trapesoidal.py,1,1.631127948872745
trapesoidal.py,1,1.364577098749578
trapesoidal.py,1,1.4051988907158375
trapesoidal.py,1,1.5639896867796779
trapesoidal.py,1,1.6481958534568548
trapesoidal.py,1,1.5008371751755476
trapesoidal.py,1,1.4941180581226945
trapesoidal.py,1,1.3761694664135575
trapesoidal.py,1,1.649362607859075
trapesoidal.py,1,1.389195085503161
trapesoidal.py,2,1.1237267991527915
trapesoidal.py,2,1.1602501654997468
trapesoidal.py,2,1.1829085443168879
trapesoidal.py,2,1.1115651214495301
trapesoidal.py,2,1.2028582450002432
trapesoidal.py,2,1.1401941534131765
trapesoidal.py,2,1.2063586302101612
trapesoidal.py,2,1.065717425197363
trapesoidal.py,2,1.178351003676653
trapesoidal.py,2,1.187936581671238
trapesoidal.py,2,1.1622500140219927
trapesoidal.py,2,1.182103343307972
trapesoidal.py,2,1.1777621833607554
trapesoidal.py,2,1.2953778179362416
trapesoidal.py,2,1.0893808705732226
trapesoidal.py,2,1.1088420487940311
trapesoidal.py,2,1.1903595617040992
trapesoidal.py,2,1.1363585386425257
trapesoidal.py,2,1.3028887752443552
trapesoidal.py,2,1.2112282160669565
trapesoidal.py,2,1.1455416362732649
trapesoidal.py,2,1.1801187358796597
trapesoidal.py,2,1.2313304571434855
trapesoidal.py,2,1.2409665286540985
trapesoidal.py,2,1.2308734599500895
trapesoidal.py,2,1.194007727317512
trapesoidal.py,2,1.1373552866280079
trapesoidal.py,2,1.1350186094641685
trapesoidal.py,2,1.1800113376230001
trapesoidal.py,2,1.1499914387241006
trapesoidal.py,2,1.1061043068766594
trapesoidal.py,2,1.1488175177946687
trapesoidal.py,2,1.3136565443128347
trapesoidal.py,2,1.1974744200706482
trapesoidal.py,2,1.2123902281746268
trapesoidal.py,2,1.227858250029385
trapesoidal.py,2,1.2011634726077318
trapesoidal.py,2,1.1670672856271267
trapesoidal.py,2,1.267975440248847
trapesoidal.py,2,1.2469377517700195
trapesoidal.py,3,0.9148781327530742
trapesoidal.py,3,1.0038276240229607
trapesoidal.py,3,1.0062175504863262
trapesoidal.py,3,0.9977511307224631
trapesoidal.py,3,1.0044718207791448
trapesoidal.py,3,1.0066780494526029
trapesoidal.py,3,0.988533585332334
trapesoidal.py,3,1.0413312315940857
trapesoidal.py,3,1.0132998144254088
trapesoidal.py,3,1.023533727042377
trapesoidal.py,3,1.0087655605748296
trapesoidal.py,3,0.9875657157972455
trapesoidal.py,3,1.0128161404281855
trapesoidal.py,3,0.9834935953840613
trapesoidal.py,3,0.9952653115615249
trapesoidal.py,3,0.9681307869032025
trapesoidal.py,3,1.0289722625166178
trapesoidal.py,3,1.069774029776454
trapesoidal.py,3,1.017827581614256
trapesoidal.py,3,0.9701832449063659
trapesoidal.py,3,1.0339160123839974
trapesoidal.py,3,0.9252697639167309
trapesoidal.py,3,1.0081346882507205
trapesoidal.py,3,1.0854333192110062
trapesoidal.py,3,1.029652618803084
trapesoidal.py,3,1.0359757225960493
trapesoidal.py,3,1.0179195702075958
trapesoidal.py,3,0.9637103015556931
trapesoidal.py,3,0.9630457172170281
trapesoidal.py,3,0.996617023833096
trapesoidal.py,3,0.9719705060124397
trapesoidal.py,3,0.9735837681218982
trapesoidal.py,3,1.0004516206681728
trapesoidal.py,3,1.0320699773728848
trapesoidal.py,3,0.9193972228094935
trapesoidal.py,3,0.985936171375215
trapesoidal.py,3,1.003650626167655
trapesoidal.py,3,1.019129641354084
trapesoidal.py,3,0.9943172512575984
trapesoidal.py,3,0.973817971535027
trapesoidal.py,4,0.9141673287376761
trapesoidal.py,4,0.9140285206958652
trapesoidal.py,4,0.9003078294917941
trapesoidal.py,4,0.8907044725492597
trapesoidal.py,4,0.9089619135484099
trapesoidal.py,4,0.9253777023404837
trapesoidal.py,4,0.8990030474960804
trapesoidal.py,4,0.8938366398215294
trapesoidal.py,4,0.8964699571952224
trapesoidal.py,4,0.881697392091155
trapesoidal.py,4,0.9055263139307499
trapesoidal.py,4,0.9276222744956613
trapesoidal.py,4,0.8756859675049782
trapesoidal.py,4,0.926266492344439
trapesoidal.py,4,0.9484214903786778
trapesoidal.py,4,0.9043996976688504
trapesoidal.py,4,0.9050049856305122
trapesoidal.py,4,0.9389750985428691
trapesoidal.py,4,0.8747924696654081
trapesoidal.py,4,0.8939809389412403
trapesoidal.py,4,0.9167952807620168
trapesoidal.py,4,0.9489730438217521
trapesoidal.py,4,0.9055503541603684
trapesoidal.py,4,0.9329601395875216
trapesoidal.py,4,0.9014309206977487
trapesoidal.py,4,0.8828715644776821
trapesoidal.py,4,0.9096619365736842
trapesoidal.py,4,0.931106198579073
trapesoidal.py,4,0.9529495751485229
trapesoidal.py,4,0.9060444021597505
trapesoidal.py,4,0.9226076761260629
trapesoidal.py,4,0.883384833112359
trapesoidal.py,4,0.9356477335095406
trapesoidal.py,4,0.900298741646111
trapesoidal.py,4,0.912476459518075
trapesoidal.py,4,0.957023554481566
trapesoidal.py,4,0.904107659123838
trapesoidal.py,4,0.942049509845674
trapesoidal.py,4,0.9320870153605938
trapesoidal.py,4,0.9200693778693676
trapesoidal.py,5,0.9253853606060147
trapesoidal.py,5,0.85803930927068
trapesoidal.py,5,0.8666624305769801
trapesoidal.py,5,0.8435089625418186
trapesoidal.py,5,0.890089601278305
trapesoidal.py,5,0.8990437937900424
trapesoidal.py,5,0.8590475115925074
trapesoidal.py,5,0.9251568214967847
trapesoidal.py,5,0.8671206338331103
trapesoidal.py,5,0.898082572966814
trapesoidal.py,5,0.8885369217023253
trapesoidal.py,5,0.8661018339917064
trapesoidal.py,5,0.868040481582284
trapesoidal.py,5,0.8751744572073221
trapesoidal.py,5,0.8892769860103726
trapesoidal.py,5,0.8887358289211988
trapesoidal.py,5,0.8782696695998311
trapesoidal.py,5,0.9265713999047875
trapesoidal.py,5,0.8074453258886933
trapesoidal.py,5,0.8956560119986534
trapesoidal.py,5,0.8380251443013549
trapesoidal.py,5,0.8588348850607872
trapesoidal.py,5,0.9006265932694077
trapesoidal.py,5,0.8494844660162926
trapesoidal.py,5,0.8744647447019815
trapesoidal.py,5,0.9010163247585297
trapesoidal.py,5,0.8301414735615253
trapesoidal.py,5,0.8663602117449045
trapesoidal.py,5,0.846789094619453
trapesoidal.py,5,0.8716916674748063
trapesoidal.py,5,0.8388763088732958
trapesoidal.py,5,0.8793394975364208
trapesoidal.py,5,0.8550262125208974
trapesoidal.py,5,0.8720177840441465
trapesoidal.py,5,0.859171780757606
trapesoidal.py,5,0.9031136631965637
trapesoidal.py,5,0.8967364486306906
trapesoidal.py,5,0.9183194264769554
trapesoidal.py,5,0.8642718521878123
trapesoidal.py,5,0.8902756040915847
trapesoidal.py,6,0.8667736230418086
trapesoidal.py,6,0.8375105522572994
trapesoidal.py,6,0.8400132581591606
trapesoidal.py,6,0.8066390426829457
trapesoidal.py,6,0.8854298545047641
trapesoidal.py,6,0.8324715299531817
trapesoidal.py,6,0.8367594983428717
trapesoidal.py,6,0.8513107458129525
trapesoidal.py,6,0.8996992446482182
trapesoidal.py,6,0.8566827727481723
trapesoidal.py,6,0.7913577258586884
trapesoidal.py,6,0.8195474985986948
trapesoidal.py,6,0.84643829241395
trapesoidal.py,6,0.8616429138928652
trapesoidal.py,6,0.8479640949517488
trapesoidal.py,6,0.8168786829337478
trapesoidal.py,6,0.8024211945012212
trapesoidal.py,6,0.8207659916952252
trapesoidal.py,6,0.8591743838042021
trapesoidal.py,6,0.822170783765614
trapesoidal.py,6,0.8622685205191374
trapesoidal.py,6,0.8474204922094941
trapesoidal.py,6,0.8606839012354612
trapesoidal.py,6,0.807543789036572
trapesoidal.py,6,0.8713211975991726
trapesoidal.py,6,0.8785623572766781
trapesoidal.py,6,0.8416989995166659
trapesoidal.py,6,0.8099854234606028
trapesoidal.py,6,0.7746599428355694
trapesoidal.py,6,0.8031207071617246
trapesoidal.py,6,0.8328191777691245
trapesoidal.py,6,0.8433320447802544
trapesoidal.py,6,0.8087640330195427
trapesoidal.py,6,0.7770862197503448
trapesoidal.py,6,0.8679073033854365
trapesoidal.py,6,0.8338331766426563
trapesoidal.py,6,0.8870866512879729
trapesoidal.py,6,0.8068688921630383
trapesoidal.py,6,0.8319378783926368
trapesoidal.py,6,0.8536128327250481
trapesoidal.py,7,0.8502339133992791
trapesoidal.py,7,0.8100131759420037
trapesoidal.py,7,0.8538040090352297
trapesoidal.py,7,0.8071440057829022
trapesoidal.py,7,0.839170747436583
trapesoidal.py,7,0.8334365347400308
trapesoidal.py,7,0.8273147223517299
trapesoidal.py,7,0.8157644774764776
trapesoidal.py,7,0.7996290558949113
trapesoidal.py,7,0.8124714121222496
trapesoidal.py,7,0.7596670454367995
trapesoidal.py,7,0.7873202124610543
trapesoidal.py,7,0.8122220356017351
trapesoidal.py,7,0.760585917159915
trapesoidal.py,7,0.8273569960147142
trapesoidal.py,7,0.8129128850996494
trapesoidal.py,7,0.8212799206376076
trapesoidal.py,7,0.8588505145162344
trapesoidal.py,7,0.8421163521707058
trapesoidal.py,7,0.8255842737853527
trapesoidal.py,7,0.8264164915308356
trapesoidal.py,7,0.8127358527854085
trapesoidal.py,7,0.8689823700115085
trapesoidal.py,7,0.7868716409429908
trapesoidal.py,7,0.864707050845027
trapesoidal.py,7,0.8170081377029419
trapesoidal.py,7,0.7969690691679716
trapesoidal.py,7,0.777941633015871
trapesoidal.py,7,0.8375010564923286
trapesoidal.py,7,0.7764111775904894
trapesoidal.py,7,0.8396067274734378
trapesoidal.py,7,0.8300771424546838
trapesoidal.py,7,0.8306083902716637
trapesoidal.py,7,0.9050991488620639
trapesoidal.py,7,0.8366374624893069
trapesoidal.py,7,0.8415465196594596
trapesoidal.py,7,0.8001960041001439
trapesoidal.py,7,0.8393908469006419
trapesoidal.py,7,0.8179510505869985
trapesoidal.py,7,0.8308326825499535
trapesoidal.py,8,0.8407560670748353
trapesoidal.py,8,0.7941618915647268
trapesoidal.py,8,0.8067696951329708
trapesoidal.py,8,0.8268464235588908
trapesoidal.py,8,0.7862607818096876
trapesoidal.py,8,0.8984430702403188
trapesoidal.py,8,0.7992990631610155
trapesoidal.py,8,0.7975067794322968
trapesoidal.py,8,0.7778300130739808
trapesoidal.py,8,0.7584537388756871
trapesoidal.py,8,0.8216853113844991
trapesoidal.py,8,0.7614716403186321
trapesoidal.py,8,0.7412897301837802
trapesoidal.py,8,0.8410165067762136
trapesoidal.py,8,0.8567824633792043
trapesoidal.py,8,0.8378031346946955
trapesoidal.py,8,0.7954384544864297
trapesoidal.py,8,0.7637107549235225
trapesoidal.py,8,0.8204906666651368
trapesoidal.py,8,0.7698286334052682
trapesoidal.py,8,0.7817400423809886
trapesoidal.py,8,0.8070945739746094
trapesoidal.py,8,0.7793585611507297
trapesoidal.py,8,0.8449868811294436
trapesoidal.py,8,0.7768852626904845
trapesoidal.py,8,0.8678111713379622
trapesoidal.py,8,0.810928413644433
trapesoidal.py,8,0.8262398596853018
trapesoidal.py,8,0.8445467259734869
trapesoidal.py,8,0.8036499731242657
trapesoidal.py,8,0.7902258494868875
trapesoidal.py,8,0.8301609102636576
trapesoidal.py,8,0.8414519941434264
trapesoidal.py,8,0.8487816108390689
trapesoidal.py,8,0.7931563099846244
trapesoidal.py,8,0.8991297278553247
trapesoidal.py,8,0.8414115970954299
trapesoidal.py,8,0.7983034588396549
trapesoidal.py,8,0.848551856353879
trapesoidal.py,8,0.7810756396502256
trapesoidal.py,9,0.8123523034155369
trapesoidal.py,9,0.8219436062499881
trapesoidal.py,9,0.8276605466380715
trapesoidal.py,9,0.8385003143921494
trapesoidal.py,9,0.8890686454251409
trapesoidal.py,9,0.890348662622273
trapesoidal.py,9,0.851141863502562
trapesoidal.py,9,0.8534764731302857
trapesoidal.py,9,0.7840090692043304
trapesoidal.py,9,0.8219413161277771
trapesoidal.py,9,0.8201343649998307
trapesoidal.py,9,0.8075803518295288
trapesoidal.py,9,0.8333954038098454
trapesoidal.py,9,0.8719725599512458
trapesoidal.py,9,0.8223816640675068
trapesoidal.py,9,0.8141036843881011
trapesoidal.py,9,0.8628099607303739
trapesoidal.py,9,0.8478709291666746
trapesoidal.py,9,0.8553476575762033
trapesoidal.py,9,0.7649292685091496
trapesoidal.py,9,0.8275225544348359
trapesoidal.py,9,0.7388097066432238
trapesoidal.py,9,0.834337423555553
trapesoidal.py,9,0.7876335354521871
trapesoidal.py,9,0.8357683969661593
trapesoidal.py,9,0.8050680253654718
trapesoidal.py,9,0.8544803466647863
trapesoidal.py,9,0.8356639500707388
trapesoidal.py,9,0.8972498262301087
trapesoidal.py,9,0.8432965809479356
trapesoidal.py,9,0.8190793311223388
trapesoidal.py,9,0.8261865703389049
trapesoidal.py,9,0.8144046645611525
trapesoidal.py,9,0.9635752625763416
trapesoidal.py,9,0.8336863089352846
trapesoidal.py,9,0.835103833116591
trapesoidal.py,9,0.7962390910834074
trapesoidal.py,9,0.8304272657260299
trapesoidal.py,9,0.8678355682641268
trapesoidal.py,9,0.8149720402434468
